{
    "name": null,
    "description": "Generato da Antonio Lazzari il 2018-12-29 17:08:48",
    "widgets": {
        "12": {
            "name": "Email inviate",
            "width": 50,
            "height": 330,
            "ordering": 0,
            "type": "emails.in.time",
            "params": {
                "flag": "sent_and_opened"
            },
            "template": null
        },
        "13": {
            "name": "Email inviate",
            "width": 50,
            "height": 330,
            "ordering": 1,
            "type": "ignored.vs.read.emails",
            "params": {
                "flag": ""
            },
            "template": null
        },
        "14": {
            "name": "Visite sul sito",
            "width": 50,
            "height": 330,
            "ordering": 2,
            "type": "created.leads.in.time",
            "params": {
                "flag": "identifiedVsAnonymous"
            },
            "template": null
        },
        "15": {
            "name": "Tempo di lettura sito",
            "width": 50,
            "height": 330,
            "ordering": 3,
            "type": "dwell.times",
            "params": [],
            "template": null
        },
        "16": {
            "name": "Contatti aggiunti ai segmenti",
            "width": 100,
            "height": 330,
            "ordering": 4,
            "type": "created.leads.in.time",
            "params": {
                "flag": "top"
            },
            "template": null
        },
        "17": {
            "name": "Ciclo vitale",
            "width": 100,
            "height": 560,
            "ordering": 5,
            "type": "lead.lifetime",
            "params": {
                "flag": [
                    0
                ]
            },
            "template": null
        },
        "18": {
            "name": "Device granularity",
            "width": 25,
            "height": 330,
            "ordering": 6,
            "type": "device.granularity",
            "params": {
                "graph": null
            },
            "template": null
        },
        "19": {
            "name": "Percentuale di letture [%]",
            "width": 75,
            "height": 330,
            "ordering": 7,
            "type": "report",
            "params": {
                "graph": "4:mautic.email.table.most.emails.read.percent"
            },
            "template": null
        }
    }
}